participant_id,day,session_type,session_index,session_label,trial_id,target_word,typed_text,start_time,end_time,duration_ms,num_characters_typed,target_length,error_count,character_error_rate,event_log_file,run_dir,wpm,entry_seconds,accuracy,errors_per_phrase
P00,1,experiment,1,experiment_1,trial_001,learn,leaen,1780210043638,1780210069224,25586,5,5,1,0.2,experiment_1/trial_001_events.csv,/Users/yejipark/Downloads/data/P00/day_1,2.02925509427581,23.654,0.8,1.0
P00,1,experiment,1,experiment_1,trial_002,toast,toast,1780210069227,1780210100153,30926,5,5,0,0.0,experiment_1/trial_002_events.csv,/Users/yejipark/Downloads/data/P00/day_1,2.6830631637786473,17.89,1.0,0.0
P00,1,experiment,1,experiment_1,trial_003,slate,slate,1780210100156,1780210109802,9646,5,5,0,0.0,experiment_1/trial_003_events.csv,/Users/yejipark/Downloads/data/P00/day_1,8.465608465608467,5.67,1.0,0.0
P00,1,experiment,1,experiment_1,trial_004,snore,snare,1780210109803,1780210134506,24703,5,5,1,0.2,experiment_1/trial_004_events.csv,/Users/yejipark/Downloads/data/P00/day_1,2.1155626074309137,22.689,0.8,1.0
P00,1,experiment,1,experiment_1,trial_005,stone,stone,1780210134509,1780210147060,12551,5,5,0,0.0,experiment_1/trial_005_events.csv,/Users/yejipark/Downloads/data/P00/day_1,4.798560431870439,10.003,1.0,0.0
P00,1,experiment,1,experiment_1,trial_006,least,least,1780210147062,1780210164532,17470,5,5,0,0.0,experiment_1/trial_006_events.csv,/Users/yejipark/Downloads/data/P00/day_1,4.191041648476382,11.453,1.0,0.0
P00,1,experiment,1,experiment_1,trial_007,stare,store,1780210164534,1780210176332,11798,5,5,1,0.2,experiment_1/trial_007_events.csv,/Users/yejipark/Downloads/data/P00/day_1,5.4938766166876505,8.737,0.8,1.0
P00,1,experiment,1,experiment_1,trial_008,alone,alane,1780210176334,1780210209325,32991,5,5,1,0.2,experiment_1/trial_008_events.csv,/Users/yejipark/Downloads/data/P00/day_1,1.5028648360938037,31.939,0.8,1.0
P00,1,experiment,1,experiment_1,trial_009,later,lanel,1780210209329,1780210227318,17989,5,5,2,0.4,experiment_1/trial_009_events.csv,/Users/yejipark/Downloads/data/P00/day_1,2.9743462634775066,16.138,0.6,2.0
P00,1,experiment,1,experiment_1,trial_010,alert,alell,1780210227320,1780210254436,27116,5,5,2,0.4,experiment_1/trial_010_events.csv,/Users/yejipark/Downloads/data/P00/day_1,1.8698141872151457,25.671,0.6,2.0
P00,1,experiment,2,experiment_2,trial_001,stare,lnare,1780210256353,1780210303447,47094,5,5,2,0.4,experiment_2/trial_001_events.csv,/Users/yejipark/Downloads/data/P00/day_1,1.4446083004785268,33.227,0.6,2.0
P00,1,experiment,2,experiment_2,trial_002,alert,anern,1780210303453,1780210310248,6795,5,5,2,0.4,experiment_2/trial_002_events.csv,/Users/yejipark/Downloads/data/P00/day_1,8.647090614303728,5.551,0.6,2.0
P00,1,experiment,2,experiment_2,trial_003,least,leatt,1780210310249,1780210322716,12467,5,5,1,0.2,experiment_2/trial_003_events.csv,/Users/yejipark/Downloads/data/P00/day_1,6.049149338374292,7.935,0.8,1.0
P00,1,experiment,2,experiment_2,trial_004,toast,taasn,1780210322718,1780210334872,12154,5,5,2,0.4,experiment_2/trial_004_events.csv,/Users/yejipark/Downloads/data/P00/day_1,5.179110919292189,9.268,0.6,2.0
P00,1,experiment,2,experiment_2,trial_005,snore,tnore,1780210334874,1780210343040,8166,5,5,1,0.2,experiment_2/trial_005_events.csv,/Users/yejipark/Downloads/data/P00/day_1,7.5769534333070245,6.335,0.8,1.0
P00,1,experiment,2,experiment_2,trial_006,later,later,1780210343041,1780210350009,6968,5,5,0,0.0,experiment_2/trial_006_events.csv,/Users/yejipark/Downloads/data/P00/day_1,9.111617312072893,5.268,1.0,0.0
P00,1,experiment,2,experiment_2,trial_007,slate,tltee,1780210350010,1780210362659,12649,5,5,3,0.6,experiment_2/trial_007_events.csv,/Users/yejipark/Downloads/data/P00/day_1,4.383161355127386,10.951,0.4,3.0
P00,1,experiment,2,experiment_2,trial_008,learn,learn,1780210362661,1780210377229,14568,5,5,0,0.0,experiment_2/trial_008_events.csv,/Users/yejipark/Downloads/data/P00/day_1,6.887645286267757,6.969,1.0,0.0
P00,1,experiment,2,experiment_2,trial_009,stone,stona,1780210377232,1780210384632,7400,5,5,1,0.2,experiment_2/trial_009_events.csv,/Users/yejipark/Downloads/data/P00/day_1,8.781558726673984,5.466,0.8,1.0
P00,1,experiment,2,experiment_2,trial_010,alone,alone,1780210384633,1780210391683,7050,5,5,0,0.0,experiment_2/trial_010_events.csv,/Users/yejipark/Downloads/data/P00/day_1,9.825997952917094,4.885,1.0,0.0
P00,1,experiment,3,experiment_3,trial_001,learn,learn,1780210393071,1780210412674,19603,5,5,0,0.0,experiment_3/trial_001_events.csv,/Users/yejipark/Downloads/data/P00/day_1,2.831691345643325,16.951,1.0,0.0
P00,1,experiment,3,experiment_3,trial_002,alone,anone,1780210412677,1780210424209,11532,5,5,1,0.2,experiment_3/trial_002_events.csv,/Users/yejipark/Downloads/data/P00/day_1,4.644412191582003,10.335,0.8,1.0
P00,1,experiment,3,experiment_3,trial_003,least,least,1780210424211,1780210430479,6268,5,5,0,0.0,experiment_3/trial_003_events.csv,/Users/yejipark/Downloads/data/P00/day_1,10.864644635581712,4.418,1.0,0.0
P00,1,experiment,3,experiment_3,trial_004,toast,tratt,1780210430480,1780210441548,11068,5,5,2,0.4,experiment_3/trial_004_events.csv,/Users/yejipark/Downloads/data/P00/day_1,6.3157894736842115,7.6,0.6,2.0
P00,1,experiment,3,experiment_3,trial_005,later,later,1780210441549,1780210455164,13615,5,5,0,0.0,experiment_3/trial_005_events.csv,/Users/yejipark/Downloads/data/P00/day_1,5.401147743895578,8.887,1.0,0.0
P00,1,experiment,3,experiment_3,trial_006,stare,strre,1780210455166,1780210470437,15271,5,5,1,0.2,experiment_3/trial_006_events.csv,/Users/yejipark/Downloads/data/P00/day_1,5.873715124816446,8.172,0.8,1.0
P00,1,experiment,3,experiment_3,trial_007,slate,slate,1780210470439,1780210478040,7601,5,5,0,0.0,experiment_3/trial_007_events.csv,/Users/yejipark/Downloads/data/P00/day_1,10.842557036367744,4.427,1.0,0.0
P00,1,experiment,3,experiment_3,trial_008,stone,stone,1780210478042,1780210488806,10764,5,5,0,0.0,experiment_3/trial_008_events.csv,/Users/yejipark/Downloads/data/P00/day_1,7.05571071586065,6.803,1.0,0.0
P00,1,experiment,3,experiment_3,trial_009,snore,tnore,1780210488807,1780210499795,10988,5,5,1,0.2,experiment_3/trial_009_events.csv,/Users/yejipark/Downloads/data/P00/day_1,7.142857142857143,6.72,0.8,1.0
P00,1,experiment,3,experiment_3,trial_010,alert,alert,1780210499797,1780210505960,6163,5,5,0,0.0,experiment_3/trial_010_events.csv,/Users/yejipark/Downloads/data/P00/day_1,11.851851851851853,4.05,1.0,0.0
P00,1,experiment,4,experiment_4,trial_001,later,aater,1780210507779,1780210520563,12784,5,5,1,0.2,experiment_4/trial_001_events.csv,/Users/yejipark/Downloads/data/P00/day_1,4.185559818625741,11.468,0.8,1.0
P00,1,experiment,4,experiment_4,trial_002,stare,stare,1780210520565,1780210531051,10486,5,5,0,0.0,experiment_4/trial_002_events.csv,/Users/yejipark/Downloads/data/P00/day_1,5.677785663591199,8.454,1.0,0.0
P00,1,experiment,4,experiment_4,trial_003,learn,nlarn,1780210531053,1780210550757,19704,5,5,2,0.4,experiment_4/trial_003_events.csv,/Users/yejipark/Downloads/data/P00/day_1,3.4480281588966317,13.921,0.6,2.0
P00,1,experiment,4,experiment_4,trial_004,stone,ttone,1780210550759,1780210560021,9262,5,5,1,0.2,experiment_4/trial_004_events.csv,/Users/yejipark/Downloads/data/P00/day_1,6.516426825957101,7.366,0.8,1.0
P00,1,experiment,4,experiment_4,trial_005,least,least,1780210560023,1780210581178,21155,5,5,0,0.0,experiment_4/trial_005_events.csv,/Users/yejipark/Downloads/data/P00/day_1,3.0534351145038165,15.72,1.0,0.0
P00,1,experiment,4,experiment_4,trial_006,alone,alone,1780210581181,1780210587311,6130,5,5,0,0.0,experiment_4/trial_006_events.csv,/Users/yejipark/Downloads/data/P00/day_1,12.19202438404877,3.937,1.0,0.0
P00,1,experiment,4,experiment_4,trial_007,snore,tnoee,1780210587312,1780210597228,9916,5,5,2,0.4,experiment_4/trial_007_events.csv,/Users/yejipark/Downloads/data/P00/day_1,5.792903692976105,8.286,0.6,2.0
P00,1,experiment,4,experiment_4,trial_008,toast,oasss,1780210597230,1780210649444,52214,5,5,3,0.6,experiment_4/trial_008_events.csv,/Users/yejipark/Downloads/data/P00/day_1,2.9052172860428525,16.522,0.4,3.0
P00,1,experiment,4,experiment_4,trial_009,alert,alert,1780210649450,1780210656077,6627,5,5,0,0.0,experiment_4/trial_009_events.csv,/Users/yejipark/Downloads/data/P00/day_1,9.931719428926133,4.833,1.0,0.0
P00,1,experiment,4,experiment_4,trial_010,slate,snate,1780210656079,1780210662461,6382,5,5,1,0.2,experiment_4/trial_010_events.csv,/Users/yejipark/Downloads/data/P00/day_1,11.744555908979693,4.087,0.8,1.0
P00,1,experiment,5,experiment_5,trial_001,slate,tlate,1780210665515,1780210677282,11767,5,5,1,0.2,experiment_5/trial_001_events.csv,/Users/yejipark/Downloads/data/P00/day_1,11.286150952268986,4.253,0.8,1.0
P00,1,experiment,5,experiment_5,trial_002,learn,eeaet,1780210677284,1780210692852,15568,5,5,3,0.6,experiment_5/trial_002_events.csv,/Users/yejipark/Downloads/data/P00/day_1,3.476749239461104,13.806,0.4,3.0
P00,1,experiment,5,experiment_5,trial_003,alone,alole,1780210692855,1780210722996,30141,5,5,1,0.2,experiment_5/trial_003_events.csv,/Users/yejipark/Downloads/data/P00/day_1,1.6605549020964507,28.906,0.8,1.0
P00,1,experiment,5,experiment_5,trial_004,alert,aleet,1780210723000,1780210735629,12629,5,5,1,0.2,experiment_5/trial_004_events.csv,/Users/yejipark/Downloads/data/P00/day_1,4.505350103247607,10.654,0.8,1.0
P00,1,experiment,5,experiment_5,trial_005,least,neatt,1780210735631,1780210745851,10220,5,5,2,0.4,experiment_5/trial_005_events.csv,/Users/yejipark/Downloads/data/P00/day_1,5.724508050089446,8.385,0.6,2.0
P00,1,experiment,5,experiment_5,trial_006,stare,stare,1780210745853,1780210753336,7483,5,5,0,0.0,experiment_5/trial_006_events.csv,/Users/yejipark/Downloads/data/P00/day_1,8.965259618976466,5.354,1.0,0.0
P00,1,experiment,5,experiment_5,trial_007,stone,stone,1780210753337,1780210762555,9218,5,5,0,0.0,experiment_5/trial_007_events.csv,/Users/yejipark/Downloads/data/P00/day_1,12.04516938519448,3.985,1.0,0.0
P00,1,experiment,5,experiment_5,trial_008,snore,tnoee,1780210762556,1780210772223,9667,5,5,2,0.4,experiment_5/trial_008_events.csv,/Users/yejipark/Downloads/data/P00/day_1,5.842259006815969,8.216,0.6,2.0
P00,1,experiment,5,experiment_5,trial_009,later,leter,1780210772224,1780210785244,13020,5,5,1,0.2,experiment_5/trial_009_events.csv,/Users/yejipark/Downloads/data/P00/day_1,4.4304965848255495,10.834,0.8,1.0
P00,1,experiment,5,experiment_5,trial_010,toast,toast,1780210785246,1780210793096,7850,5,5,0,0.0,experiment_5/trial_010_events.csv,/Users/yejipark/Downloads/data/P00/day_1,10.462074978204011,4.588,1.0,0.0
P00,2,experiment,1,experiment_1,trial_001,later,laneo,1780297653837,1780297661187,7350,5,5,2,0.4,experiment_1/trial_001_events.csv,/Users/yejipark/Downloads/data/P00/day_2,10.94141782539321,4.387,0.6,2.0
P00,2,experiment,1,experiment_1,trial_002,stone,ssone,1780297661188,1780297670373,9185,5,5,1,0.2,experiment_1/trial_002_events.csv,/Users/yejipark/Downloads/data/P00/day_2,6.618863761720906,7.252,0.8,1.0
P00,2,experiment,1,experiment_1,trial_003,alone,alone,1780297670374,1780297677109,6735,5,5,0,0.0,experiment_1/trial_003_events.csv,/Users/yejipark/Downloads/data/P00/day_2,10.62652202789462,4.517,1.0,0.0
P00,2,experiment,1,experiment_1,trial_004,learn,laarn,1780297677111,1780297682944,5833,5,5,1,0.2,experiment_1/trial_004_events.csv,/Users/yejipark/Downloads/data/P00/day_2,10.827881795623732,4.433,0.8,1.0
P00,2,experiment,1,experiment_1,trial_005,least,lears,1780297682945,1780297690194,7249,5,5,2,0.4,experiment_1/trial_005_events.csv,/Users/yejipark/Downloads/data/P00/day_2,8.69722775865193,5.519,0.6,2.0
P00,2,experiment,1,experiment_1,trial_006,toast,toast,1780297690195,1780297698862,8667,5,5,0,0.0,experiment_1/trial_006_events.csv,/Users/yejipark/Downloads/data/P00/day_2,9.506833036244801,5.049,1.0,0.0
P00,2,experiment,1,experiment_1,trial_007,snore,snore,1780297698863,1780297706680,7817,5,5,0,0.0,experiment_1/trial_007_events.csv,/Users/yejipark/Downloads/data/P00/day_2,10.507880910683014,4.568,1.0,0.0
P00,2,experiment,1,experiment_1,trial_008,slate,slase,1780297706681,1780297712916,6235,5,5,1,0.2,experiment_1/trial_008_events.csv,/Users/yejipark/Downloads/data/P00/day_2,12.09982354423998,3.967,0.8,1.0
P00,2,experiment,1,experiment_1,trial_009,alert,alers,1780297712917,1780297728556,15639,5,5,1,0.2,experiment_1/trial_009_events.csv,/Users/yejipark/Downloads/data/P00/day_2,3.33657722786042,14.386,0.8,1.0
P00,2,experiment,1,experiment_1,trial_010,stare,ssare,1780297728558,1780297736588,8030,5,5,1,0.2,experiment_1/trial_010_events.csv,/Users/yejipark/Downloads/data/P00/day_2,8.314567815693747,5.773,0.8,1.0
P00,2,experiment,2,experiment_2,trial_001,stone,ssane,1780297738590,1780297749391,10801,5,5,2,0.4,experiment_2/trial_001_events.csv,/Users/yejipark/Downloads/data/P00/day_2,5.401755570560432,8.886,0.6,2.0
P00,2,experiment,2,experiment_2,trial_002,learn,learn,1780297749393,1780297757238,7845,5,5,0,0.0,experiment_2/trial_002_events.csv,/Users/yejipark/Downloads/data/P00/day_2,8.812190196438406,5.447,1.0,0.0
P00,2,experiment,2,experiment_2,trial_003,slate,slate,1780297757240,1780297764526,7286,5,5,0,0.0,experiment_2/trial_003_events.csv,/Users/yejipark/Downloads/data/P00/day_2,9.580838323353294,5.01,1.0,0.0
P00,2,experiment,2,experiment_2,trial_004,least,least,1780297764527,1780297769702,5175,5,5,0,0.0,experiment_2/trial_004_events.csv,/Users/yejipark/Downloads/data/P00/day_2,14.13427561837456,3.396,1.0,0.0
P00,2,experiment,2,experiment_2,trial_005,stare,stare,1780297769703,1780297779231,9528,5,5,0,0.0,experiment_2/trial_005_events.csv,/Users/yejipark/Downloads/data/P00/day_2,6.733062140552673,7.129,1.0,0.0
P00,2,experiment,2,experiment_2,trial_006,snore,snooe,1780297779232,1780297788061,8829,5,5,1,0.2,experiment_2/trial_006_events.csv,/Users/yejipark/Downloads/data/P00/day_2,7.076514816452897,6.783,0.8,1.0
P00,2,experiment,2,experiment_2,trial_007,alert,alers,1780297788062,1780297793992,5930,5,5,1,0.2,experiment_2/trial_007_events.csv,/Users/yejipark/Downloads/data/P00/day_2,9.762050030506408,4.917,0.8,1.0
P00,2,experiment,2,experiment_2,trial_008,later,later,1780297793993,1780297799374,5381,5,5,0,0.0,experiment_2/trial_008_events.csv,/Users/yejipark/Downloads/data/P00/day_2,13.702540679417641,3.503,1.0,0.0
P00,2,experiment,2,experiment_2,trial_009,toast,soast,1780297799375,1780297807309,7934,5,5,1,0.2,experiment_2/trial_009_events.csv,/Users/yejipark/Downloads/data/P00/day_2,8.227631127871101,5.834,0.8,1.0
P00,2,experiment,2,experiment_2,trial_010,alone,alone,1780297807310,1780297815409,8099,5,5,0,0.0,experiment_2/trial_010_events.csv,/Users/yejipark/Downloads/data/P00/day_2,6.937418702124585,6.919,1.0,0.0
P00,2,experiment,3,experiment_3,trial_001,snore,snooe,1780297816832,1780297827863,11031,5,5,1,0.2,experiment_3/trial_001_events.csv,/Users/yejipark/Downloads/data/P00/day_2,5.332148411464119,9.002,0.8,1.0
P00,2,experiment,3,experiment_3,trial_002,learn,learn,1780297827864,1780297834163,6299,5,5,0,0.0,experiment_3/trial_002_events.csv,/Users/yejipark/Downloads/data/P00/day_2,10.75027995520717,4.465,1.0,0.0
P00,2,experiment,3,experiment_3,trial_003,alert,alert,1780297834165,1780297841774,7609,5,5,0,0.0,experiment_3/trial_003_events.csv,/Users/yejipark/Downloads/data/P00/day_2,7.44186046511628,6.45,1.0,0.0
P00,2,experiment,3,experiment_3,trial_004,stare,staoe,1780297841776,1780297850085,8309,5,5,1,0.2,experiment_3/trial_004_events.csv,/Users/yejipark/Downloads/data/P00/day_2,7.381208672920192,6.503,0.8,1.0
P00,2,experiment,3,experiment_3,trial_005,later,laser,1780297850086,1780297855584,5498,5,5,1,0.2,experiment_3/trial_005_events.csv,/Users/yejipark/Downloads/data/P00/day_2,13.524936601859679,3.549,0.8,1.0
P00,2,experiment,3,experiment_3,trial_006,alone,anonr,1780297855585,1780297862719,7134,5,5,2,0.4,experiment_3/trial_006_events.csv,/Users/yejipark/Downloads/data/P00/day_2,7.822685788787483,6.136,0.6,2.0
P00,2,experiment,3,experiment_3,trial_007,slate,rlate,1780297862721,1780297871938,9217,5,5,1,0.2,experiment_3/trial_007_events.csv,/Users/yejipark/Downloads/data/P00/day_2,6.618863761720906,7.252,0.8,1.0
P00,2,experiment,3,experiment_3,trial_008,toast,toast,1780297871940,1780297885525,13585,5,5,0,0.0,experiment_3/trial_008_events.csv,/Users/yejipark/Downloads/data/P00/day_2,7.497656982193064,6.402,1.0,0.0
P00,2,experiment,3,experiment_3,trial_009,stone,rtone,1780297885527,1780297894760,9233,5,5,1,0.2,experiment_3/trial_009_events.csv,/Users/yejipark/Downloads/data/P00/day_2,6.857142857142858,7.0,0.8,1.0
P00,2,experiment,3,experiment_3,trial_010,least,least,1780297894761,1780297899245,4484,5,5,0,0.0,experiment_3/trial_010_events.csv,/Users/yejipark/Downloads/data/P00/day_2,15.56420233463035,3.084,1.0,0.0
P00,2,experiment,4,experiment_4,trial_001,stare,ssare,1780297900729,1780297910747,10018,5,5,1,0.2,experiment_4/trial_001_events.csv,/Users/yejipark/Downloads/data/P00/day_2,5.828779599271403,8.235,0.8,1.0
P00,2,experiment,4,experiment_4,trial_002,alone,alana,1780297910748,1780297916964,6216,5,5,2,0.4,experiment_4/trial_002_events.csv,/Users/yejipark/Downloads/data/P00/day_2,9.501187648456058,5.052,0.6,2.0
P00,2,experiment,4,experiment_4,trial_003,stone,stane,1780297916965,1780297929703,12738,5,5,1,0.2,experiment_4/trial_003_events.csv,/Users/yejipark/Downloads/data/P00/day_2,4.370390603660202,10.983,0.8,1.0
P00,2,experiment,4,experiment_4,trial_004,snore,snora,1780297929705,1780297944787,15082,5,5,1,0.2,experiment_4/trial_004_events.csv,/Users/yejipark/Downloads/data/P00/day_2,5.9723777528928705,8.037,0.8,1.0
P00,2,experiment,4,experiment_4,trial_005,learn,learn,1780297944789,1780297950589,5800,5,5,0,0.0,experiment_4/trial_005_events.csv,/Users/yejipark/Downloads/data/P00/day_2,12.618296529968456,3.804,1.0,0.0
P00,2,experiment,4,experiment_4,trial_006,least,saass,1780297950590,1780297957424,6834,5,5,3,0.6,experiment_4/trial_006_events.csv,/Users/yejipark/Downloads/data/P00/day_2,9.142857142857144,5.25,0.4,3.0
P00,2,experiment,4,experiment_4,trial_007,toast,toass,1780297957425,1780297970627,13202,5,5,1,0.2,experiment_4/trial_007_events.csv,/Users/yejipark/Downloads/data/P00/day_2,5.91205813523833,8.119,0.8,1.0
P00,2,experiment,4,experiment_4,trial_008,later,larer,1780297970629,1780297976811,6182,5,5,1,0.2,experiment_4/trial_008_events.csv,/Users/yejipark/Downloads/data/P00/day_2,11.052268017499426,4.343,0.8,1.0
P00,2,experiment,4,experiment_4,trial_009,slate,slate,1780297976812,1780297991697,14885,5,5,0,0.0,experiment_4/trial_009_events.csv,/Users/yejipark/Downloads/data/P00/day_2,3.865979381443299,12.416,1.0,0.0
P00,2,experiment,4,experiment_4,trial_010,alert,aeers,1780297991699,1780298001000,9301,5,5,2,0.4,experiment_4/trial_010_events.csv,/Users/yejipark/Downloads/data/P00/day_2,5.792903692976105,8.286,0.6,2.0
P00,2,experiment,5,experiment_5,trial_001,toast,toast,1780298002604,1780298018337,15733,5,5,0,0.0,experiment_5/trial_001_events.csv,/Users/yejipark/Downloads/data/P00/day_2,4.704037632301058,10.204,1.0,0.0
P00,2,experiment,5,experiment_5,trial_002,later,later,1780298018339,1780298025221,6882,5,5,0,0.0,experiment_5/trial_002_events.csv,/Users/yejipark/Downloads/data/P00/day_2,9.404388714733543,5.104,1.0,0.0
P00,2,experiment,5,experiment_5,trial_003,slate,rlase,1780298025223,1780298035191,9968,5,5,2,0.4,experiment_5/trial_003_events.csv,/Users/yejipark/Downloads/data/P00/day_2,8.9736399326977,5.349,0.6,2.0
P00,2,experiment,5,experiment_5,trial_004,snore,snrre,1780298035193,1780298043293,8100,5,5,1,0.2,experiment_5/trial_004_events.csv,/Users/yejipark/Downloads/data/P00/day_2,7.614213197969544,6.304,0.8,1.0
P00,2,experiment,5,experiment_5,trial_005,alert,alert,1780298043294,1780298052494,9200,5,5,0,0.0,experiment_5/trial_005_events.csv,/Users/yejipark/Downloads/data/P00/day_2,8.248840006874033,5.819,1.0,0.0
P00,2,experiment,5,experiment_5,trial_006,learn,learn,1780298052495,1780298059613,7118,5,5,0,0.0,experiment_5/trial_006_events.csv,/Users/yejipark/Downloads/data/P00/day_2,8.890535284311909,5.399,1.0,0.0
P00,2,experiment,5,experiment_5,trial_007,stone,ssone,1780298059614,1780298068798,9184,5,5,1,0.2,experiment_5/trial_007_events.csv,/Users/yejipark/Downloads/data/P00/day_2,6.328279499011207,7.585,0.8,1.0
P00,2,experiment,5,experiment_5,trial_008,least,leats,1780298068799,1780298076316,7517,5,5,2,0.4,experiment_5/trial_008_events.csv,/Users/yejipark/Downloads/data/P00/day_2,7.843137254901961,6.12,0.6,2.0
P00,2,experiment,5,experiment_5,trial_009,alone,alrne,1780298076318,1780298083718,7400,5,5,1,0.2,experiment_5/trial_009_events.csv,/Users/yejipark/Downloads/data/P00/day_2,8.438818565400844,5.688,0.8,1.0
P00,2,experiment,5,experiment_5,trial_010,stare,stare,1780298083720,1780298104938,21218,5,5,0,0.0,experiment_5/trial_010_events.csv,/Users/yejipark/Downloads/data/P00/day_2,2.7183146449201496,17.658,1.0,0.0
P00,3,experiment,1,experiment_1,trial_001,toast,toast,1780364719821,1780364739142,19321,5,5,0,0.0,experiment_1/trial_001_events.csv,/Users/yejipark/Downloads/data/P00/day_3,4.160887656033288,11.536,1.0,0.0
P00,3,experiment,1,experiment_1,trial_002,snore,snoee,1780364739145,1780364790855,51710,5,5,1,0.2,experiment_1/trial_002_events.csv,/Users/yejipark/Downloads/data/P00/day_3,1.0305073101612316,46.579,0.8,1.0
P00,3,experiment,1,experiment_1,trial_003,later,laser,1780364790862,1780364825031,34169,5,5,1,0.2,experiment_1/trial_003_events.csv,/Users/yejipark/Downloads/data/P00/day_3,4.808173895622558,9.983,0.8,1.0
P00,3,experiment,1,experiment_1,trial_004,stone,slton,1780364825035,1780364890079,65044,5,5,2,0.4,experiment_1/trial_004_events.csv,/Users/yejipark/Downloads/data/P00/day_3,0.7674228979807185,62.547,0.6,2.0
P00,3,experiment,1,experiment_1,trial_005,least,elast,1780364890085,1780364906649,16564,5,5,2,0.4,experiment_1/trial_005_events.csv,/Users/yejipark/Downloads/data/P00/day_3,3.0247652656122,15.869,0.6,2.0
P00,3,experiment,1,experiment_1,trial_006,stare,ttare,1780364906651,1780364915036,8385,5,5,1,0.2,experiment_1/trial_006_events.csv,/Users/yejipark/Downloads/data/P00/day_3,8.298755186721992,5.784,0.8,1.0
P00,3,experiment,1,experiment_1,trial_007,slate,llate,1780364915038,1780364953127,38089,5,5,1,0.2,experiment_1/trial_007_events.csv,/Users/yejipark/Downloads/data/P00/day_3,7.094295004433935,6.766,0.8,1.0
P00,3,experiment,1,experiment_1,trial_008,learn,learn,1780364953132,1780364960365,7233,5,5,0,0.0,experiment_1/trial_008_events.csv,/Users/yejipark/Downloads/data/P00/day_3,11.377103579047168,4.219,1.0,0.0
P00,3,experiment,1,experiment_1,trial_009,alone,alrne,1780364960366,1780364967950,7584,5,5,1,0.2,experiment_1/trial_009_events.csv,/Users/yejipark/Downloads/data/P00/day_3,7.5046904315197,6.396,0.8,1.0
P00,3,experiment,1,experiment_1,trial_010,alert,alert,1780364967952,1780364976916,8964,5,5,0,0.0,experiment_1/trial_010_events.csv,/Users/yejipark/Downloads/data/P00/day_3,6.285190519837633,7.637,1.0,0.0
P00,3,experiment,2,experiment_2,trial_001,alone,lrnee,1780364978838,1780364987338,8500,5,5,3,0.6,experiment_2/trial_001_events.csv,/Users/yejipark/Downloads/data/P00/day_3,8.51516764236296,5.637,0.4,3.0
P00,3,experiment,2,experiment_2,trial_002,learn,nearn,1780364987339,1780364995371,8032,5,5,1,0.2,experiment_2/trial_002_events.csv,/Users/yejipark/Downloads/data/P00/day_3,7.2904009720534635,6.584,0.8,1.0
P00,3,experiment,2,experiment_2,trial_003,later,neter,1780364995373,1780365002442,7069,5,5,2,0.4,experiment_2/trial_003_events.csv,/Users/yejipark/Downloads/data/P00/day_3,8.91861761426979,5.382,0.6,2.0
P00,3,experiment,2,experiment_2,trial_004,slate,slate,1780365002443,1780365009993,7550,5,5,0,0.0,experiment_2/trial_004_events.csv,/Users/yejipark/Downloads/data/P00/day_3,10.673782521681122,4.497,1.0,0.0
P00,3,experiment,2,experiment_2,trial_005,alert,alert,1780365009994,1780365022597,12603,5,5,0,0.0,experiment_2/trial_005_events.csv,/Users/yejipark/Downloads/data/P00/day_3,4.377165785154113,10.966,1.0,0.0
P00,3,experiment,2,experiment_2,trial_006,stare,seara,1780365022598,1780365044168,21570,5,5,2,0.4,experiment_2/trial_006_events.csv,/Users/yejipark/Downloads/data/P00/day_3,6.872852233676976,6.984,0.6,2.0
P00,3,experiment,2,experiment_2,trial_007,stone,ltrne,1780365044170,1780365080430,36260,5,5,2,0.4,experiment_2/trial_007_events.csv,/Users/yejipark/Downloads/data/P00/day_3,1.4261944378416924,33.656,0.6,2.0
P00,3,experiment,2,experiment_2,trial_008,toast,toast,1780365080434,1780365105719,25285,5,5,0,0.0,experiment_2/trial_008_events.csv,/Users/yejipark/Downloads/data/P00/day_3,8.833271991166729,5.434,1.0,0.0
P00,3,experiment,2,experiment_2,trial_009,snore,snora,1780365105722,1780365112787,7065,5,5,1,0.2,experiment_2/trial_009_events.csv,/Users/yejipark/Downloads/data/P00/day_3,8.96358543417367,5.355,0.8,1.0
P00,3,experiment,2,experiment_2,trial_010,least,llast,1780365112788,1780365127756,14968,5,5,1,0.2,experiment_2/trial_010_events.csv,/Users/yejipark/Downloads/data/P00/day_3,3.612009933027316,13.289,0.8,1.0
P00,3,experiment,3,experiment_3,trial_001,toast,toatt,1780365129092,1780365147561,18469,5,5,1,0.2,experiment_3/trial_001_events.csv,/Users/yejipark/Downloads/data/P00/day_3,2.9657089898053757,16.185,0.8,1.0
P00,3,experiment,3,experiment_3,trial_002,later,later,1780365147564,1780365164030,16466,5,5,0,0.0,experiment_3/trial_002_events.csv,/Users/yejipark/Downloads/data/P00/day_3,3.419534088480445,14.037,1.0,0.0
P00,3,experiment,3,experiment_3,trial_003,snore,snore,1780365164032,1780365176385,12353,5,5,0,0.0,experiment_3/trial_003_events.csv,/Users/yejipark/Downloads/data/P00/day_3,6.115428717034018,7.849,1.0,0.0
P00,3,experiment,3,experiment_3,trial_004,least,least,1780365176387,1780365185788,9401,5,5,0,0.0,experiment_3/trial_004_events.csv,/Users/yejipark/Downloads/data/P00/day_3,7.632373986325331,6.289,1.0,0.0
P00,3,experiment,3,experiment_3,trial_005,alert,teest,1780365185789,1780365195207,9418,5,5,3,0.6,experiment_3/trial_005_events.csv,/Users/yejipark/Downloads/data/P00/day_3,5.159625927120284,9.303,0.4,3.0
P00,3,experiment,3,experiment_3,trial_006,stone,strne,1780365195208,1780365209792,14584,5,5,1,0.2,experiment_3/trial_006_events.csv,/Users/yejipark/Downloads/data/P00/day_3,4.284566633937339,11.203,0.8,1.0
P00,3,experiment,3,experiment_3,trial_007,slate,tlate,1780365209794,1780365218797,9003,5,5,1,0.2,experiment_3/trial_007_events.csv,/Users/yejipark/Downloads/data/P00/day_3,10.033444816053512,4.784,0.8,1.0
P00,3,experiment,3,experiment_3,trial_008,stare,stare,1780365218798,1780365225531,6733,5,5,0,0.0,experiment_3/trial_008_events.csv,/Users/yejipark/Downloads/data/P00/day_3,9.7323600973236,4.932,1.0,0.0
P00,3,experiment,3,experiment_3,trial_009,learn,learn,1780365225532,1780365230281,4749,5,5,0,0.0,experiment_3/trial_009_events.csv,/Users/yejipark/Downloads/data/P00/day_3,14.251781472684087,3.368,1.0,0.0
P00,3,experiment,3,experiment_3,trial_010,alone,alone,1780365230282,1780365236682,6400,5,5,0,0.0,experiment_3/trial_010_events.csv,/Users/yejipark/Downloads/data/P00/day_3,10.022969304656506,4.789,1.0,0.0
P00,3,experiment,4,experiment_4,trial_001,toast,toast,1780365237983,1780365248163,10180,5,5,0,0.0,experiment_4/trial_001_events.csv,/Users/yejipark/Downloads/data/P00/day_3,6.625258799171843,7.245,1.0,0.0
P00,3,experiment,4,experiment_4,trial_002,least,least,1780365248165,1780365251817,3652,5,5,0,0.0,experiment_4/trial_002_events.csv,/Users/yejipark/Downloads/data/P00/day_3,22.4824355971897,2.135,1.0,0.0
P00,3,experiment,4,experiment_4,trial_003,slate,slete,1780365251818,1780365257305,5487,5,5,1,0.2,experiment_4/trial_003_events.csv,/Users/yejipark/Downloads/data/P00/day_3,13.441612993559227,3.571,0.8,1.0
P00,3,experiment,4,experiment_4,trial_004,learn,leasn,1780365257306,1780365262009,4703,5,5,1,0.2,experiment_4/trial_004_events.csv,/Users/yejipark/Downloads/data/P00/day_3,10.619469026548675,4.52,0.8,1.0
P00,3,experiment,4,experiment_4,trial_005,alone,alana,1780365262010,1780365272666,10656,5,5,2,0.4,experiment_4/trial_005_events.csv,/Users/yejipark/Downloads/data/P00/day_3,5.252790544977019,9.138,0.6,2.0
P00,3,experiment,4,experiment_4,trial_006,snore,snara,1780365272668,1780365285818,13150,5,5,2,0.4,experiment_4/trial_006_events.csv,/Users/yejipark/Downloads/data/P00/day_3,5.792204657897912,8.287,0.6,2.0
P00,3,experiment,4,experiment_4,trial_007,stone,ttone,1780365285820,1780365299956,14136,5,5,1,0.2,experiment_4/trial_007_events.csv,/Users/yejipark/Downloads/data/P00/day_3,8.227631127871101,5.834,0.8,1.0
P00,3,experiment,4,experiment_4,trial_008,later,later,1780365299958,1780365309375,9417,5,5,0,0.0,experiment_4/trial_008_events.csv,/Users/yejipark/Downloads/data/P00/day_3,7.16524854455889,6.699,1.0,0.0
P00,3,experiment,4,experiment_4,trial_009,alert,alert,1780365309376,1780365318893,9517,5,5,0,0.0,experiment_4/trial_009_events.csv,/Users/yejipark/Downloads/data/P00/day_3,7.998666888851858,6.001,1.0,0.0
P00,3,experiment,4,experiment_4,trial_010,stare,staee,1780365318895,1780365332486,13591,5,5,1,0.2,experiment_4/trial_010_events.csv,/Users/yejipark/Downloads/data/P00/day_3,5.622584045917769,8.537,0.8,1.0
P00,3,experiment,5,experiment_5,trial_001,learn,learn,1780365333734,1780365341851,8117,5,5,0,0.0,experiment_5/trial_001_events.csv,/Users/yejipark/Downloads/data/P00/day_3,7.662835249042145,6.264,1.0,0.0
P00,3,experiment,5,experiment_5,trial_002,stare,snare,1780365341852,1780365355318,13466,5,5,1,0.2,experiment_5/trial_002_events.csv,/Users/yejipark/Downloads/data/P00/day_3,4.364033093917629,10.999,0.8,1.0
P00,3,experiment,5,experiment_5,trial_003,toast,toast,1780365355320,1780365364505,9185,5,5,0,0.0,experiment_5/trial_003_events.csv,/Users/yejipark/Downloads/data/P00/day_3,8.56989823245849,5.601,1.0,0.0
P00,3,experiment,5,experiment_5,trial_004,stone,snoee,1780365364507,1780365375442,10935,5,5,2,0.4,experiment_5/trial_004_events.csv,/Users/yejipark/Downloads/data/P00/day_3,6.216006216006216,7.722,0.6,2.0
P00,3,experiment,5,experiment_5,trial_005,least,leatt,1780365375444,1780365388859,13415,5,5,1,0.2,experiment_5/trial_005_events.csv,/Users/yejipark/Downloads/data/P00/day_3,4.839197499747958,9.919,0.8,1.0
P00,3,experiment,5,experiment_5,trial_006,alone,alone,1780365388861,1780365397578,8717,5,5,0,0.0,experiment_5/trial_006_events.csv,/Users/yejipark/Downloads/data/P00/day_3,8.227631127871101,5.834,1.0,0.0
P00,3,experiment,5,experiment_5,trial_007,snore,snore,1780365397579,1780365405548,7969,5,5,0,0.0,experiment_5/trial_007_events.csv,/Users/yejipark/Downloads/data/P00/day_3,8.61914167714132,5.569,1.0,0.0
P00,3,experiment,5,experiment_5,trial_008,slate,slate,1780365405550,1780365411183,5633,5,5,0,0.0,experiment_5/trial_008_events.csv,/Users/yejipark/Downloads/data/P00/day_3,12.4031007751938,3.87,1.0,0.0
P00,3,experiment,5,experiment_5,trial_009,alert,alert,1780365411184,1780365417233,6049,5,5,0,0.0,experiment_5/trial_009_events.csv,/Users/yejipark/Downloads/data/P00/day_3,10.582010582010582,4.536,1.0,0.0
P00,3,experiment,5,experiment_5,trial_010,later,latee,1780365417235,1780365423685,6450,5,5,1,0.2,experiment_5/trial_010_events.csv,/Users/yejipark/Downloads/data/P00/day_3,11.650485436893204,4.12,0.8,1.0
P01,1,experiment,1,experiment_1,trial_001,alert,alert,1780566200951,1780566208348,7397,5,5,0,0.0,experiment_1/trial_001_events.csv,/Users/yejipark/Downloads/data/P01/day_1,10.994044892349978,4.366,1.0,0.0
P01,1,experiment,1,experiment_1,trial_002,toast,toast,1780566208349,1780566231133,22784,5,5,0,0.0,experiment_1/trial_002_events.csv,/Users/yejipark/Downloads/data/P01/day_1,5.197055002165439,9.236,1.0,0.0
P01,1,experiment,1,experiment_1,trial_003,least,least,1780566231136,1780566239283,8147,5,5,0,0.0,experiment_1/trial_003_events.csv,/Users/yejipark/Downloads/data/P01/day_1,8.393075712537158,5.719,1.0,0.0
P01,1,experiment,1,experiment_1,trial_004,snore,snore,1780566239284,1780566256901,17617,5,5,0,0.0,experiment_1/trial_004_events.csv,/Users/yejipark/Downloads/data/P01/day_1,3.0800821355236145,15.584,1.0,0.0
P01,1,experiment,1,experiment_1,trial_005,learn,learn,1780566256903,1780566264868,7965,5,5,0,0.0,experiment_1/trial_005_events.csv,/Users/yejipark/Downloads/data/P01/day_1,7.5,6.4,1.0,0.0
P01,1,experiment,1,experiment_1,trial_006,stare,stare,1780566264869,1780566275303,10434,5,5,0,0.0,experiment_1/trial_006_events.csv,/Users/yejipark/Downloads/data/P01/day_1,8.203725858827552,5.851,1.0,0.0
P01,1,experiment,1,experiment_1,trial_007,alone,alrne,1780566275304,1780566285136,9832,5,5,1,0.2,experiment_1/trial_007_events.csv,/Users/yejipark/Downloads/data/P01/day_1,6.057546693589096,7.924,0.8,1.0
P01,1,experiment,1,experiment_1,trial_008,slate,llata,1780566285137,1780566297120,11983,5,5,2,0.4,experiment_1/trial_008_events.csv,/Users/yejipark/Downloads/data/P01/day_1,4.56968773800457,10.504,0.6,2.0
P01,1,experiment,1,experiment_1,trial_009,stone,stane,1780566297121,1780566308504,11383,5,5,1,0.2,experiment_1/trial_009_events.csv,/Users/yejipark/Downloads/data/P01/day_1,6.012024048096193,7.984,0.8,1.0
P01,1,experiment,1,experiment_1,trial_010,later,later,1780566308505,1780566317704,9199,5,5,0,0.0,experiment_1/trial_010_events.csv,/Users/yejipark/Downloads/data/P01/day_1,6.66851903306474,7.198,1.0,0.0
P01,1,experiment,2,experiment_2,trial_001,least,laest,1780566324057,1780566330388,6331,5,5,2,0.4,experiment_2/trial_001_events.csv,/Users/yejipark/Downloads/data/P01/day_1,9.925558312655086,4.836,0.6,2.0
P01,1,experiment,2,experiment_2,trial_002,stare,stare,1780566330389,1780566336041,5652,5,5,0,0.0,experiment_2/trial_002_events.csv,/Users/yejipark/Downloads/data/P01/day_1,12.105926860025221,3.965,1.0,0.0
P01,1,experiment,2,experiment_2,trial_003,snore,snrre,1780566336042,1780566344339,8297,5,5,1,0.2,experiment_2/trial_003_events.csv,/Users/yejipark/Downloads/data/P01/day_1,6.937418702124585,6.919,0.8,1.0
P01,1,experiment,2,experiment_2,trial_004,alone,alone,1780566344340,1780566353958,9618,5,5,0,0.0,experiment_2/trial_004_events.csv,/Users/yejipark/Downloads/data/P01/day_1,6.039255158530448,7.948,1.0,0.0
P01,1,experiment,2,experiment_2,trial_005,toast,toast,1780566353959,1780566367626,13667,5,5,0,0.0,experiment_2/trial_005_events.csv,/Users/yejipark/Downloads/data/P01/day_1,5.323868677905946,9.016,1.0,0.0
P01,1,experiment,2,experiment_2,trial_006,learn,learn,1780566367628,1780566377308,9680,5,5,0,0.0,experiment_2/trial_006_events.csv,/Users/yejipark/Downloads/data/P01/day_1,5.890293287519942,8.149,1.0,0.0
P01,1,experiment,2,experiment_2,trial_007,stone,rtone,1780566377310,1780566398795,21485,5,5,1,0.2,experiment_2/trial_007_events.csv,/Users/yejipark/Downloads/data/P01/day_1,2.9476787030213707,16.284,0.8,1.0
P01,1,experiment,2,experiment_2,trial_008,slate,slate,1780566398797,1780566408778,9981,5,5,0,0.0,experiment_2/trial_008_events.csv,/Users/yejipark/Downloads/data/P01/day_1,5.677785663591199,8.454,1.0,0.0
P01,1,experiment,2,experiment_2,trial_009,alert,elert,1780566408779,1780566419711,10932,5,5,1,0.2,experiment_2/trial_009_events.csv,/Users/yejipark/Downloads/data/P01/day_1,6.369426751592357,7.536,0.8,1.0
P01,1,experiment,2,experiment_2,trial_010,later,later,1780566419712,1780566432430,12718,5,5,0,0.0,experiment_2/trial_010_events.csv,/Users/yejipark/Downloads/data/P01/day_1,4.259850905218317,11.268,1.0,0.0
P01,1,experiment,3,experiment_3,trial_001,snore,snore,1780566436265,1780566449231,12966,5,5,0,0.0,experiment_3/trial_001_events.csv,/Users/yejipark/Downloads/data/P01/day_1,6.075949367088608,7.9,1.0,0.0
P01,1,experiment,3,experiment_3,trial_002,stone,stone,1780566449232,1780566463546,14314,5,5,0,0.0,experiment_3/trial_002_events.csv,/Users/yejipark/Downloads/data/P01/day_1,3.7842951750236526,12.684,1.0,0.0
P01,1,experiment,3,experiment_3,trial_003,learn,learn,1780566463548,1780566472116,8568,5,5,0,0.0,experiment_3/trial_003_events.csv,/Users/yejipark/Downloads/data/P01/day_1,8.647090614303728,5.551,1.0,0.0
P01,1,experiment,3,experiment_3,trial_004,later,leter,1780566472117,1780566479199,7082,5,5,1,0.2,experiment_3/trial_004_events.csv,/Users/yejipark/Downloads/data/P01/day_1,8.371119637251482,5.734,0.8,1.0
P01,1,experiment,3,experiment_3,trial_005,alert,alert,1780566479200,1780566487165,7965,5,5,0,0.0,experiment_3/trial_005_events.csv,/Users/yejipark/Downloads/data/P01/day_1,8.02139037433155,5.984,1.0,0.0
P01,1,experiment,3,experiment_3,trial_006,alone,alone,1780566487166,1780566495316,8150,5,5,0,0.0,experiment_3/trial_006_events.csv,/Users/yejipark/Downloads/data/P01/day_1,7.44186046511628,6.45,1.0,0.0
P01,1,experiment,3,experiment_3,trial_007,least,least,1780566495317,1780566510750,15433,5,5,0,0.0,experiment_3/trial_007_events.csv,/Users/yejipark/Downloads/data/P01/day_1,3.6638424547744446,13.101,1.0,0.0
P01,1,experiment,3,experiment_3,trial_008,toast,toast,1780566510752,1780566532820,22068,5,5,0,0.0,experiment_3/trial_008_events.csv,/Users/yejipark/Downloads/data/P01/day_1,2.4164317358034637,19.864,1.0,0.0
P01,1,experiment,3,experiment_3,trial_009,stare,stere,1780566532822,1780566539634,6812,5,5,1,0.2,experiment_3/trial_009_events.csv,/Users/yejipark/Downloads/data/P01/day_1,10.784093462143339,4.451,0.8,1.0
P01,1,experiment,3,experiment_3,trial_010,slate,slate,1780566539635,1780566546986,7351,5,5,0,0.0,experiment_3/trial_010_events.csv,/Users/yejipark/Downloads/data/P01/day_1,9.764035801464605,4.916,1.0,0.0
P01,1,experiment,4,experiment_4,trial_001,alert,alert,1780566550072,1780566556902,6830,5,5,0,0.0,experiment_4/trial_001_events.csv,/Users/yejipark/Downloads/data/P01/day_1,9.960572732932144,4.819,1.0,0.0
P01,1,experiment,4,experiment_4,trial_002,learn,leern,1780566556903,1780566567070,10167,5,5,1,0.2,experiment_4/trial_002_events.csv,/Users/yejipark/Downloads/data/P01/day_1,7.2507552870090635,6.62,0.8,1.0
P01,1,experiment,4,experiment_4,trial_003,alone,alrne,1780566567071,1780566576104,9033,5,5,1,0.2,experiment_4/trial_003_events.csv,/Users/yejipark/Downloads/data/P01/day_1,8.36674219975597,5.737,0.8,1.0
P01,1,experiment,4,experiment_4,trial_004,toast,trast,1780566576105,1780566586388,10283,5,5,1,0.2,experiment_4/trial_004_events.csv,/Users/yejipark/Downloads/data/P01/day_1,6.314127861089187,7.602,0.8,1.0
P01,1,experiment,4,experiment_4,trial_005,least,least,1780566586389,1780566596057,9668,5,5,0,0.0,experiment_4/trial_005_events.csv,/Users/yejipark/Downloads/data/P01/day_1,8.397480755773268,5.716,1.0,0.0
P01,1,experiment,4,experiment_4,trial_006,slate,slate,1780566596058,1780566603222,7164,5,5,0,0.0,experiment_4/trial_006_events.csv,/Users/yejipark/Downloads/data/P01/day_1,9.663780954298371,4.967,1.0,0.0
P01,1,experiment,4,experiment_4,trial_007,snore,lnore,1780566603223,1780566619891,16668,5,5,1,0.2,experiment_4/trial_007_events.csv,/Users/yejipark/Downloads/data/P01/day_1,7.022677395757133,6.835,0.8,1.0
P01,1,experiment,4,experiment_4,trial_008,later,leter,1780566619893,1780566627275,7382,5,5,1,0.2,experiment_4/trial_008_events.csv,/Users/yejipark/Downloads/data/P01/day_1,8.725686238865661,5.501,0.8,1.0
P01,1,experiment,4,experiment_4,trial_009,stone,stone,1780566627276,1780566646776,19500,5,5,0,0.0,experiment_4/trial_009_events.csv,/Users/yejipark/Downloads/data/P01/day_1,2.7091093802912294,17.718,1.0,0.0
P01,1,experiment,4,experiment_4,trial_010,stare,rtare,1780566646778,1780566665125,18347,5,5,1,0.2,experiment_4/trial_010_events.csv,/Users/yejipark/Downloads/data/P01/day_1,2.842759846017175,16.885,0.8,1.0
P01,1,experiment,5,experiment_5,trial_001,alert,alert,1780566667214,1780566673878,6664,5,5,0,0.0,experiment_5/trial_001_events.csv,/Users/yejipark/Downloads/data/P01/day_1,12.684989429175477,3.784,1.0,0.0
P01,1,experiment,5,experiment_5,trial_002,stone,stone,1780566673879,1780566698764,24885,5,5,0,0.0,experiment_5/trial_002_events.csv,/Users/yejipark/Downloads/data/P01/day_1,2.2066936373666795,21.752,1.0,0.0
P01,1,experiment,5,experiment_5,trial_003,later,laser,1780566698767,1780566722880,24113,5,5,1,0.2,experiment_5/trial_003_events.csv,/Users/yejipark/Downloads/data/P01/day_1,2.3897241860001994,20.086,0.8,1.0
P01,1,experiment,5,experiment_5,trial_004,snore,lnoee,1780566722883,1780566764251,41368,5,5,2,0.4,experiment_5/trial_004_events.csv,/Users/yejipark/Downloads/data/P01/day_1,1.2161135039270334,39.47,0.6,2.0
P01,1,experiment,5,experiment_5,trial_005,least,least,1780566764254,1780566769651,5397,5,5,0,0.0,experiment_5/trial_005_events.csv,/Users/yejipark/Downloads/data/P01/day_1,12.10287443267776,3.966,1.0,0.0
P01,1,experiment,5,experiment_5,trial_006,slate,slane,1780566769652,1780566782934,13282,5,5,1,0.2,experiment_5/trial_006_events.csv,/Users/yejipark/Downloads/data/P01/day_1,4.621606008087811,10.386,0.8,1.0
P01,1,experiment,5,experiment_5,trial_007,toast,trast,1780566782935,1780566794467,11532,5,5,1,0.2,experiment_5/trial_007_events.csv,/Users/yejipark/Downloads/data/P01/day_1,5.312084993359894,9.036,0.8,1.0
P01,1,experiment,5,experiment_5,trial_008,stare,ssaee,1780566794468,1780566807818,13350,5,5,2,0.4,experiment_5/trial_008_events.csv,/Users/yejipark/Downloads/data/P01/day_1,5.806919912896202,8.266,0.6,2.0
P01,1,experiment,5,experiment_5,trial_009,learn,learn,1780566807820,1780566816537,8717,5,5,0,0.0,experiment_5/trial_009_events.csv,/Users/yejipark/Downloads/data/P01/day_1,8.698803914461761,5.518,1.0,0.0
P01,1,experiment,5,experiment_5,trial_010,alone,alone,1780566816538,1780566824754,8216,5,5,0,0.0,experiment_5/trial_010_events.csv,/Users/yejipark/Downloads/data/P01/day_1,7.14498362607919,6.718,1.0,0.0
P01,2,experiment,1,experiment_1,trial_001,stare,stare,1780633831509,1780633836336,4827,5,5,0,0.0,experiment_1/trial_001_events.csv,/Users/yejipark/Downloads/data/P01/day_2,15.559157212317666,3.085,1.0,0.0
P01,2,experiment,1,experiment_1,trial_002,alert,alert,1780633836337,1780633841906,5569,5,5,0,0.0,experiment_1/trial_002_events.csv,/Users/yejipark/Downloads/data/P01/day_2,13.201320132013201,3.636,1.0,0.0
P01,2,experiment,1,experiment_1,trial_003,later,later,1780633841907,1780633860577,18670,5,5,0,0.0,experiment_1/trial_003_events.csv,/Users/yejipark/Downloads/data/P01/day_2,2.843096606053427,16.883,1.0,0.0
P01,2,experiment,1,experiment_1,trial_004,snore,snore,1780633860579,1780633868527,7948,5,5,0,0.0,experiment_1/trial_004_events.csv,/Users/yejipark/Downloads/data/P01/day_2,9.471191791633782,5.068,1.0,0.0
P01,2,experiment,1,experiment_1,trial_005,alone,alone,1780633868528,1780633876011,7483,5,5,0,0.0,experiment_1/trial_005_events.csv,/Users/yejipark/Downloads/data/P01/day_2,8.277289187790998,5.799,1.0,0.0
P01,2,experiment,1,experiment_1,trial_006,slate,slate,1780633876012,1780633882042,6030,5,5,0,0.0,experiment_1/trial_006_events.csv,/Users/yejipark/Downloads/data/P01/day_2,12.419146183699871,3.865,1.0,0.0
P01,2,experiment,1,experiment_1,trial_007,learn,learn,1780633882043,1780633887293,5250,5,5,0,0.0,experiment_1/trial_007_events.csv,/Users/yejipark/Downloads/data/P01/day_2,12.631578947368423,3.8,1.0,0.0
P01,2,experiment,1,experiment_1,trial_008,toast,toast,1780633887294,1780633893078,5784,5,5,0,0.0,experiment_1/trial_008_events.csv,/Users/yejipark/Downloads/data/P01/day_2,12.364760432766616,3.882,1.0,0.0
P01,2,experiment,1,experiment_1,trial_009,stone,stone,1780633893079,1780633899946,6867,5,5,0,0.0,experiment_1/trial_009_events.csv,/Users/yejipark/Downloads/data/P01/day_2,9.997917100604042,4.801,1.0,0.0
P01,2,experiment,1,experiment_1,trial_010,least,least,1780633899946,1780633904594,4648,5,5,0,0.0,experiment_1/trial_010_events.csv,/Users/yejipark/Downloads/data/P01/day_2,13.702540679417641,3.503,1.0,0.0
P01,2,experiment,2,experiment_2,trial_001,snore,snrre,1780633907330,1780633915064,7734,5,5,1,0.2,experiment_2/trial_001_events.csv,/Users/yejipark/Downloads/data/P01/day_2,8.227631127871101,5.834,0.8,1.0
P01,2,experiment,2,experiment_2,trial_002,later,later,1780633915065,1780633920763,5698,5,5,0,0.0,experiment_2/trial_002_events.csv,/Users/yejipark/Downloads/data/P01/day_2,11.704462326261888,4.101,1.0,0.0
P01,2,experiment,2,experiment_2,trial_003,stare,ttare,1780633920764,1780633926145,5381,5,5,1,0.2,experiment_2/trial_003_events.csv,/Users/yejipark/Downloads/data/P01/day_2,15.810276679841898,3.036,0.8,1.0
P01,2,experiment,2,experiment_2,trial_004,learn,nearn,1780633926146,1780633932096,5950,5,5,1,0.2,experiment_2/trial_004_events.csv,/Users/yejipark/Downloads/data/P01/day_2,10.743061772605193,4.468,0.8,1.0
P01,2,experiment,2,experiment_2,trial_005,toast,toast,1780633932096,1780633938463,6367,5,5,0,0.0,experiment_2/trial_005_events.csv,/Users/yejipark/Downloads/data/P01/day_2,10.031347962382446,4.785,1.0,0.0
P01,2,experiment,2,experiment_2,trial_006,alone,alone,1780633938464,1780633944782,6318,5,5,0,0.0,experiment_2/trial_006_events.csv,/Users/yejipark/Downloads/data/P01/day_2,10.91157081154808,4.399,1.0,0.0
P01,2,experiment,2,experiment_2,trial_007,least,least,1780633944783,1780633949882,5099,5,5,0,0.0,experiment_2/trial_007_events.csv,/Users/yejipark/Downloads/data/P01/day_2,12.251148545176111,3.918,1.0,0.0
P01,2,experiment,2,experiment_2,trial_008,slate,slate,1780633949882,1780633955682,5800,5,5,0,0.0,experiment_2/trial_008_events.csv,/Users/yejipark/Downloads/data/P01/day_2,12.701772955808416,3.779,1.0,0.0
P01,2,experiment,2,experiment_2,trial_009,stone,ltrne,1780633955683,1780633963083,7400,5,5,2,0.4,experiment_2/trial_009_events.csv,/Users/yejipark/Downloads/data/P01/day_2,7.87143325680551,6.098,0.6,2.0
P01,2,experiment,2,experiment_2,trial_010,alert,anest,1780633963084,1780633969532,6448,5,5,2,0.4,experiment_2/trial_010_events.csv,/Users/yejipark/Downloads/data/P01/day_2,10.182435299109038,4.714,0.6,2.0
P01,2,experiment,3,experiment_3,trial_001,learn,learn,1780633971201,1780633976683,5482,5,5,0,0.0,experiment_3/trial_001_events.csv,/Users/yejipark/Downloads/data/P01/day_2,12.910166756320605,3.718,1.0,0.0
P01,2,experiment,3,experiment_3,trial_002,alert,anlrt,1780633976684,1780633988668,11984,5,5,2,0.4,experiment_3/trial_002_events.csv,/Users/yejipark/Downloads/data/P01/day_2,5.745062836624776,8.355,0.6,2.0
P01,2,experiment,3,experiment_3,trial_003,snore,snorl,1780633988670,1780633997618,8948,5,5,1,0.2,experiment_3/trial_003_events.csv,/Users/yejipark/Downloads/data/P01/day_2,6.822057987492895,7.036,0.8,1.0
P01,2,experiment,3,experiment_3,trial_004,toast,toast,1780633997619,1780634007419,9800,5,5,0,0.0,experiment_3/trial_004_events.csv,/Users/yejipark/Downloads/data/P01/day_2,5.713605523152006,8.401,1.0,0.0
P01,2,experiment,3,experiment_3,trial_005,stare,stere,1780634007420,1780634013951,6531,5,5,1,0.2,experiment_3/trial_005_events.csv,/Users/yejipark/Downloads/data/P01/day_2,9.825997952917094,4.885,0.8,1.0
P01,2,experiment,3,experiment_3,trial_006,least,llasn,1780634013952,1780634020285,6333,5,5,2,0.4,experiment_3/trial_006_events.csv,/Users/yejipark/Downloads/data/P01/day_2,11.339475549255848,4.233,0.6,2.0
P01,2,experiment,3,experiment_3,trial_007,alone,alone,1780634020286,1780634027585,7299,5,5,0,0.0,experiment_3/trial_007_events.csv,/Users/yejipark/Downloads/data/P01/day_2,9.316770186335404,5.152,1.0,0.0
P01,2,experiment,3,experiment_3,trial_008,slate,slete,1780634027586,1780634034405,6819,5,5,1,0.2,experiment_3/trial_008_events.csv,/Users/yejipark/Downloads/data/P01/day_2,8.88888888888889,5.4,0.8,1.0
P01,2,experiment,3,experiment_3,trial_009,stone,snone,1780634034406,1780634045870,11464,5,5,1,0.2,experiment_3/trial_009_events.csv,/Users/yejipark/Downloads/data/P01/day_2,6.054490413723512,7.928,0.8,1.0
P01,2,experiment,3,experiment_3,trial_010,later,later,1780634045872,1780634053421,7549,5,5,0,0.0,experiment_3/trial_010_events.csv,/Users/yejipark/Downloads/data/P01/day_2,8.650207244548566,5.549,1.0,0.0
P01,2,experiment,4,experiment_4,trial_001,stare,stasl,1780634055006,1780634063807,8801,5,5,2,0.4,experiment_4/trial_001_events.csv,/Users/yejipark/Downloads/data/P01/day_2,7.289293849658314,6.585,0.6,2.0
P01,2,experiment,4,experiment_4,trial_002,alone,alone,1780634063808,1780634073222,9414,5,5,0,0.0,experiment_4/trial_002_events.csv,/Users/yejipark/Downloads/data/P01/day_2,7.422297819700017,6.467,1.0,0.0
P01,2,experiment,4,experiment_4,trial_003,later,rater,1780634073224,1780634082123,8899,5,5,1,0.2,experiment_4/trial_003_events.csv,/Users/yejipark/Downloads/data/P01/day_2,6.416254511428953,7.481,0.8,1.0
P01,2,experiment,4,experiment_4,trial_004,learn,learn,1780634082124,1780634096840,14716,5,5,0,0.0,experiment_4/trial_004_events.csv,/Users/yejipark/Downloads/data/P01/day_2,4.016736401673641,11.95,1.0,0.0
P01,2,experiment,4,experiment_4,trial_005,least,llast,1780634096841,1780634107259,10418,5,5,1,0.2,experiment_4/trial_005_events.csv,/Users/yejipark/Downloads/data/P01/day_2,5.647723261560184,8.499,0.8,1.0
P01,2,experiment,4,experiment_4,trial_006,alert,alrrt,1780634107260,1780634134326,27066,5,5,1,0.2,experiment_4/trial_006_events.csv,/Users/yejipark/Downloads/data/P01/day_2,2.43605359317905,19.704,0.8,1.0
P01,2,experiment,4,experiment_4,trial_007,stone,stone,1780634134329,1780634145560,11231,5,5,0,0.0,experiment_4/trial_007_events.csv,/Users/yejipark/Downloads/data/P01/day_2,5.475076993270219,8.767,1.0,0.0
P01,2,experiment,4,experiment_4,trial_008,toast,toast,1780634145561,1780634170462,24901,5,5,0,0.0,experiment_4/trial_008_events.csv,/Users/yejipark/Downloads/data/P01/day_2,2.8801152046081846,16.666,1.0,0.0
P01,2,experiment,4,experiment_4,trial_009,slate,slate,1780634170464,1780634177195,6731,5,5,0,0.0,experiment_4/trial_009_events.csv,/Users/yejipark/Downloads/data/P01/day_2,10.468920392584515,4.585,1.0,0.0
P01,2,experiment,4,experiment_4,trial_010,snore,snore,1780634177196,1780634183162,5966,5,5,0,0.0,experiment_4/trial_010_events.csv,/Users/yejipark/Downloads/data/P01/day_2,10.906612133606,4.401,1.0,0.0
P01,2,experiment,5,experiment_5,trial_001,snore,snore,1780634185084,1780634193416,8332,5,5,0,0.0,experiment_5/trial_001_events.csv,/Users/yejipark/Downloads/data/P01/day_2,7.724493080141615,6.214,1.0,0.0
P01,2,experiment,5,experiment_5,trial_002,stare,strse,1780634193417,1780634201848,8431,5,5,2,0.4,experiment_5/trial_002_events.csv,/Users/yejipark/Downloads/data/P01/day_2,7.329363261566652,6.549,0.6,2.0
P01,2,experiment,5,experiment_5,trial_003,later,lates,1780634201849,1780634208098,6249,5,5,1,0.2,experiment_5/trial_003_events.csv,/Users/yejipark/Downloads/data/P01/day_2,10.09888491479066,4.753,0.8,1.0
P01,2,experiment,5,experiment_5,trial_004,least,least,1780634208099,1780634213031,4932,5,5,0,0.0,experiment_5/trial_004_events.csv,/Users/yejipark/Downloads/data/P01/day_2,13.820904117477685,3.473,1.0,0.0
P01,2,experiment,5,experiment_5,trial_005,slate,slate,1780634213032,1780634223235,10203,5,5,0,0.0,experiment_5/trial_005_events.csv,/Users/yejipark/Downloads/data/P01/day_2,5.506481587702191,8.717,1.0,0.0
P01,2,experiment,5,experiment_5,trial_006,alone,alone,1780634223236,1780634233884,10648,5,5,0,0.0,experiment_5/trial_006_events.csv,/Users/yejipark/Downloads/data/P01/day_2,5.74712643678161,8.352,1.0,0.0
P01,2,experiment,5,experiment_5,trial_007,alert,alern,1780634233885,1780634241716,7831,5,5,1,0.2,experiment_5/trial_007_events.csv,/Users/yejipark/Downloads/data/P01/day_2,7.935195900148784,6.049,0.8,1.0
P01,2,experiment,5,experiment_5,trial_008,stone,stone,1780634241717,1780634248367,6650,5,5,0,0.0,experiment_5/trial_008_events.csv,/Users/yejipark/Downloads/data/P01/day_2,10.353753235547886,4.636,1.0,0.0
P01,2,experiment,5,experiment_5,trial_009,toast,toast,1780634248368,1780634259252,10884,5,5,0,0.0,experiment_5/trial_009_events.csv,/Users/yejipark/Downloads/data/P01/day_2,7.330482590103848,6.548,1.0,0.0
P01,2,experiment,5,experiment_5,trial_010,learn,learn,1780634259253,1780634270435,11182,5,5,0,0.0,experiment_5/trial_010_events.csv,/Users/yejipark/Downloads/data/P01/day_2,5.74712643678161,8.352,1.0,0.0
P02,1,experiment,1,experiment_1,trial_001,alone,alone,1780567193911,1780567203012,9101,5,5,0,0.0,experiment_1/trial_001_events.csv,/Users/yejipark/Downloads/data/P02/day_1,7.236544549977386,6.633,1.0,0.0
P02,1,experiment,1,experiment_1,trial_002,alert,elern,1780567203013,1780567210243,7230,5,5,2,0.4,experiment_1/trial_002_events.csv,/Users/yejipark/Downloads/data/P02/day_1,8.653326122228233,5.547,0.6,2.0
P02,1,experiment,1,experiment_1,trial_003,slate,slane,1780567210244,1780567222560,12316,5,5,1,0.2,experiment_1/trial_003_events.csv,/Users/yejipark/Downloads/data/P02/day_1,5.150214592274678,9.32,0.8,1.0
P02,1,experiment,1,experiment_1,trial_004,stare,ttare,1780567222562,1780567232814,10252,5,5,1,0.2,experiment_1/trial_004_events.csv,/Users/yejipark/Downloads/data/P02/day_1,5.889570552147239,8.15,0.8,1.0
P02,1,experiment,1,experiment_1,trial_005,stone,stone,1780567232815,1780567258465,25650,5,5,0,0.0,experiment_1/trial_005_events.csv,/Users/yejipark/Downloads/data/P02/day_1,2.088500195796893,22.983,1.0,0.0
P02,1,experiment,1,experiment_1,trial_006,least,least,1780567258467,1780567266063,7596,5,5,0,0.0,experiment_1/trial_006_events.csv,/Users/yejipark/Downloads/data/P02/day_1,8.300190212692375,5.783,1.0,0.0
P02,1,experiment,1,experiment_1,trial_007,toast,toasn,1780567266064,1780567280800,14736,5,5,1,0.2,experiment_1/trial_007_events.csv,/Users/yejipark/Downloads/data/P02/day_1,3.697142417006855,12.983,0.8,1.0
P02,1,experiment,1,experiment_1,trial_008,later,laner,1780567280802,1780567290349,9547,5,5,1,0.2,experiment_1/trial_008_events.csv,/Users/yejipark/Downloads/data/P02/day_1,6.50142218610321,7.383,0.8,1.0
P02,1,experiment,1,experiment_1,trial_009,learn,learn,1780567290350,1780567300767,10417,5,5,0,0.0,experiment_1/trial_009_events.csv,/Users/yejipark/Downloads/data/P02/day_1,5.828779599271403,8.235,1.0,0.0
P02,1,experiment,1,experiment_1,trial_010,snore,snare,1780567300768,1780567311050,10282,5,5,1,0.2,experiment_1/trial_010_events.csv,/Users/yejipark/Downloads/data/P02/day_1,5.891016200294551,8.148,0.8,1.0
P02,1,experiment,2,experiment_2,trial_001,least,leasn,1780567313395,1780567323799,10404,5,5,1,0.2,experiment_2/trial_001_events.csv,/Users/yejipark/Downloads/data/P02/day_1,6.421404682274248,7.475,0.8,1.0
P02,1,experiment,2,experiment_2,trial_002,learn,learn,1780567323800,1780567333526,9726,5,5,0,0.0,experiment_2/trial_002_events.csv,/Users/yejipark/Downloads/data/P02/day_1,6.170458927882762,7.779,1.0,0.0
P02,1,experiment,2,experiment_2,trial_003,later,later,1780567333527,1780567340956,7429,5,5,0,0.0,experiment_2/trial_003_events.csv,/Users/yejipark/Downloads/data/P02/day_1,9.134157944814463,5.255,1.0,0.0
P02,1,experiment,2,experiment_2,trial_004,alert,alert,1780567340957,1780567348656,7699,5,5,0,0.0,experiment_2/trial_004_events.csv,/Users/yejipark/Downloads/data/P02/day_1,9.144598971232616,5.249,1.0,0.0
P02,1,experiment,2,experiment_2,trial_005,slate,slane,1780567348657,1780567356123,7466,5,5,1,0.2,experiment_2/trial_005_events.csv,/Users/yejipark/Downloads/data/P02/day_1,9.596161535385846,5.002,0.8,1.0
P02,1,experiment,2,experiment_2,trial_006,stone,stone,1780567356125,1780567369538,13413,5,5,0,0.0,experiment_2/trial_006_events.csv,/Users/yejipark/Downloads/data/P02/day_1,4.652515266065717,10.317,1.0,0.0
P02,1,experiment,2,experiment_2,trial_007,snore,snore,1780567369539,1780567380120,10581,5,5,0,0.0,experiment_2/trial_007_events.csv,/Users/yejipark/Downloads/data/P02/day_1,5.393864479154963,8.899,1.0,0.0
P02,1,experiment,2,experiment_2,trial_008,toast,toast,1780567380122,1780567396288,16166,5,5,0,0.0,experiment_2/trial_008_events.csv,/Users/yejipark/Downloads/data/P02/day_1,3.658536585365854,13.12,1.0,0.0
P02,1,experiment,2,experiment_2,trial_009,alone,alone,1780567396289,1780567408324,12035,5,5,0,0.0,experiment_2/trial_009_events.csv,/Users/yejipark/Downloads/data/P02/day_1,5.116179918993819,9.382,1.0,0.0
P02,1,experiment,2,experiment_2,trial_010,stare,stare,1780567408325,1780567419522,11197,5,5,0,0.0,experiment_2/trial_010_events.csv,/Users/yejipark/Downloads/data/P02/day_1,5.0707796323684775,9.466,1.0,0.0
P02,1,experiment,3,experiment_3,trial_001,stone,stanr,1780567421490,1780567438523,17033,5,5,2,0.4,experiment_3/trial_001_events.csv,/Users/yejipark/Downloads/data/P02/day_1,3.363700070077085,14.27,0.6,2.0
P02,1,experiment,3,experiment_3,trial_002,least,least,1780567438524,1780567445808,7284,5,5,0,0.0,experiment_3/trial_002_events.csv,/Users/yejipark/Downloads/data/P02/day_1,9.730387188323537,4.933,1.0,0.0
P02,1,experiment,3,experiment_3,trial_003,alone,alane,1780567445809,1780567454958,9149,5,5,1,0.2,experiment_3/trial_003_events.csv,/Users/yejipark/Downloads/data/P02/day_1,6.808510638297872,7.05,0.8,1.0
P02,1,experiment,3,experiment_3,trial_004,snore,snare,1780567454960,1780567464157,9197,5,5,1,0.2,experiment_3/trial_004_events.csv,/Users/yejipark/Downloads/data/P02/day_1,7.056748015289621,6.802,0.8,1.0
P02,1,experiment,3,experiment_3,trial_005,stare,stere,1780567464158,1780567472841,8683,5,5,1,0.2,experiment_3/trial_005_events.csv,/Users/yejipark/Downloads/data/P02/day_1,6.920415224913495,6.936,0.8,1.0
P02,1,experiment,3,experiment_3,trial_006,later,later,1780567472842,1780567480577,7735,5,5,0,0.0,experiment_3/trial_006_events.csv,/Users/yejipark/Downloads/data/P02/day_1,8.02139037433155,5.984,1.0,0.0
P02,1,experiment,3,experiment_3,trial_007,learn,learn,1780567480578,1780567487155,6577,5,5,0,0.0,experiment_3/trial_007_events.csv,/Users/yejipark/Downloads/data/P02/day_1,9.537055434134711,5.033,1.0,0.0
P02,1,experiment,3,experiment_3,trial_008,toast,taast,1780567487155,1780567504094,16939,5,5,1,0.2,experiment_3/trial_008_events.csv,/Users/yejipark/Downloads/data/P02/day_1,3.5250055078211058,13.617,0.8,1.0
P02,1,experiment,3,experiment_3,trial_009,alert,alern,1780567504095,1780567512077,7982,5,5,1,0.2,experiment_3/trial_009_events.csv,/Users/yejipark/Downloads/data/P02/day_1,8.42548709847288,5.697,0.8,1.0
P02,1,experiment,3,experiment_3,trial_010,slate,slane,1780567512078,1780567521026,8948,5,5,1,0.2,experiment_3/trial_010_events.csv,/Users/yejipark/Downloads/data/P02/day_1,7.540056550424129,6.366,0.8,1.0
P02,1,experiment,4,experiment_4,trial_001,least,leatn,1780567523080,1780567533567,10487,5,5,2,0.4,experiment_4/trial_001_events.csv,/Users/yejipark/Downloads/data/P02/day_1,5.8636696799413635,8.186,0.6,2.0
P02,1,experiment,4,experiment_4,trial_002,learn,learn,1780567533569,1780567541812,8243,5,5,0,0.0,experiment_4/trial_002_events.csv,/Users/yejipark/Downloads/data/P02/day_1,8.998875140607424,5.334,1.0,0.0
P02,1,experiment,4,experiment_4,trial_003,slate,slate,1780567541813,1780567550030,8217,5,5,0,0.0,experiment_4/trial_003_events.csv,/Users/yejipark/Downloads/data/P02/day_1,7.892140743176587,6.082,1.0,0.0
P02,1,experiment,4,experiment_4,trial_004,alert,alert,1780567550030,1780567556978,6948,5,5,0,0.0,experiment_4/trial_004_events.csv,/Users/yejipark/Downloads/data/P02/day_1,9.793919608243217,4.901,1.0,0.0
P02,1,experiment,4,experiment_4,trial_005,stare,stare,1780567556979,1780567568796,11817,5,5,0,0.0,experiment_4/trial_005_events.csv,/Users/yejipark/Downloads/data/P02/day_1,5.170742216955726,9.283,1.0,0.0
P02,1,experiment,4,experiment_4,trial_006,toast,noast,1780567568797,1780567585311,16514,5,5,1,0.2,experiment_4/trial_006_events.csv,/Users/yejipark/Downloads/data/P02/day_1,3.283622930633466,14.618,0.8,1.0
P02,1,experiment,4,experiment_4,trial_007,stone,ttone,1780567585312,1780567602464,17152,5,5,1,0.2,experiment_4/trial_007_events.csv,/Users/yejipark/Downloads/data/P02/day_1,3.182390771066764,15.083,0.8,1.0
P02,1,experiment,4,experiment_4,trial_008,later,naner,1780567602466,1780567613083,10617,5,5,2,0.4,experiment_4/trial_008_events.csv,/Users/yejipark/Downloads/data/P02/day_1,6.712347923367362,7.151,0.6,2.0
P02,1,experiment,4,experiment_4,trial_009,alone,anone,1780567613084,1780567627865,14781,5,5,1,0.2,experiment_4/trial_009_events.csv,/Users/yejipark/Downloads/data/P02/day_1,4.383561643835617,10.95,0.8,1.0
P02,1,experiment,4,experiment_4,trial_010,snore,snare,1780567627867,1780567641666,13799,5,5,1,0.2,experiment_4/trial_010_events.csv,/Users/yejipark/Downloads/data/P02/day_1,6.621602979721342,7.249,0.8,1.0
P02,1,experiment,5,experiment_5,trial_001,stone,stane,1780567643669,1780567658501,14832,5,5,1,0.2,experiment_5/trial_001_events.csv,/Users/yejipark/Downloads/data/P02/day_1,3.7753657385559225,12.714,0.8,1.0
P02,1,experiment,5,experiment_5,trial_002,snore,tnore,1780567658503,1780567665985,7482,5,5,1,0.2,experiment_5/trial_002_events.csv,/Users/yejipark/Downloads/data/P02/day_1,8.88888888888889,5.4,0.8,1.0
P02,1,experiment,5,experiment_5,trial_003,learn,learn,1780567665986,1780567673635,7649,5,5,0,0.0,experiment_5/trial_003_events.csv,/Users/yejipark/Downloads/data/P02/day_1,8.75592849325064,5.482,1.0,0.0
P02,1,experiment,5,experiment_5,trial_004,slate,slate,1780567673636,1780567681085,7449,5,5,0,0.0,experiment_5/trial_004_events.csv,/Users/yejipark/Downloads/data/P02/day_1,9.349435138293726,5.134,1.0,0.0
P02,1,experiment,5,experiment_5,trial_005,alone,alone,1780567681086,1780567690571,9485,5,5,0,0.0,experiment_5/trial_005_events.csv,/Users/yejipark/Downloads/data/P02/day_1,6.345009914077991,7.565,1.0,0.0
P02,1,experiment,5,experiment_5,trial_006,toast,toatt,1780567690572,1780567700669,10097,5,5,1,0.2,experiment_5/trial_006_events.csv,/Users/yejipark/Downloads/data/P02/day_1,5.997750843433713,8.003,0.8,1.0
P02,1,experiment,5,experiment_5,trial_007,later,later,1780567700670,1780567708121,7451,5,5,0,0.0,experiment_5/trial_007_events.csv,/Users/yejipark/Downloads/data/P02/day_1,9.795918367346939,4.9,1.0,0.0
P02,1,experiment,5,experiment_5,trial_008,alert,alert,1780567708122,1780567715553,7431,5,5,0,0.0,experiment_5/trial_008_events.csv,/Users/yejipark/Downloads/data/P02/day_1,8.993816750983699,5.337,1.0,0.0
P02,1,experiment,5,experiment_5,trial_009,stare,ttare,1780567715554,1780567725588,10034,5,5,1,0.2,experiment_5/trial_009_events.csv,/Users/yejipark/Downloads/data/P02/day_1,6.088280060882801,7.884,0.8,1.0
P02,1,experiment,5,experiment_5,trial_010,least,least,1780567725590,1780567732737,7147,5,5,0,0.0,experiment_5/trial_010_events.csv,/Users/yejipark/Downloads/data/P02/day_1,9.255688391824142,5.186,1.0,0.0
P02,2,experiment,1,experiment_1,trial_001,snore,snore,1780634542174,1780634548471,6297,5,5,0,0.0,experiment_1/trial_001_events.csv,/Users/yejipark/Downloads/data/P02/day_2,10.951403148528406,4.383,1.0,0.0
P02,2,experiment,1,experiment_1,trial_002,alert,alert,1780634548472,1780634553853,5381,5,5,0,0.0,experiment_1/trial_002_events.csv,/Users/yejipark/Downloads/data/P02/day_2,11.863568956994563,4.046,1.0,0.0
P02,2,experiment,1,experiment_1,trial_003,learn,learn,1780634553854,1780634559491,5637,5,5,0,0.0,experiment_1/trial_003_events.csv,/Users/yejipark/Downloads/data/P02/day_2,11.516314779270633,4.168,1.0,0.0
P02,2,experiment,1,experiment_1,trial_004,toast,toast,1780634559492,1780634567105,7613,5,5,0,0.0,experiment_1/trial_004_events.csv,/Users/yejipark/Downloads/data/P02/day_2,8.227631127871101,5.834,1.0,0.0
P02,2,experiment,1,experiment_1,trial_005,stone,stone,1780634567106,1780634574989,7883,5,5,0,0.0,experiment_1/trial_005_events.csv,/Users/yejipark/Downloads/data/P02/day_2,7.7619663648124195,6.184,1.0,0.0
P02,2,experiment,1,experiment_1,trial_006,later,later,1780634574990,1780634580823,5833,5,5,0,0.0,experiment_1/trial_006_events.csv,/Users/yejipark/Downloads/data/P02/day_2,11.339475549255848,4.233,1.0,0.0
P02,2,experiment,1,experiment_1,trial_007,stare,stare,1780634580824,1780634586539,5715,5,5,0,0.0,experiment_1/trial_007_events.csv,/Users/yejipark/Downloads/data/P02/day_2,11.949215832710978,4.017,1.0,0.0
P02,2,experiment,1,experiment_1,trial_008,least,least,1780634586540,1780634592124,5584,5,5,0,0.0,experiment_1/trial_008_events.csv,/Users/yejipark/Downloads/data/P02/day_2,10.835214446952598,4.43,1.0,0.0
P02,2,experiment,1,experiment_1,trial_009,slate,slate,1780634592125,1780634598157,6032,5,5,0,0.0,experiment_1/trial_009_events.csv,/Users/yejipark/Downloads/data/P02/day_2,11.613839825792404,4.133,1.0,0.0
P02,2,experiment,1,experiment_1,trial_010,alone,alone,1780634598158,1780634604489,6331,5,5,0,0.0,experiment_1/trial_010_events.csv,/Users/yejipark/Downloads/data/P02/day_2,9.828009828009828,4.884,1.0,0.0
P02,2,experiment,2,experiment_2,trial_001,stare,stare,1780634606076,1780634612241,6165,5,5,0,0.0,experiment_2/trial_001_events.csv,/Users/yejipark/Downloads/data/P02/day_2,12.279355333844975,3.909,1.0,0.0
P02,2,experiment,2,experiment_2,trial_002,alert,alert,1780634612242,1780634617924,5682,5,5,0,0.0,experiment_2/trial_002_events.csv,/Users/yejipark/Downloads/data/P02/day_2,11.616650532429817,4.132,1.0,0.0
P02,2,experiment,2,experiment_2,trial_003,slate,slate,1780634617925,1780634623894,5969,5,5,0,0.0,experiment_2/trial_003_events.csv,/Users/yejipark/Downloads/data/P02/day_2,11.212333566923618,4.281,1.0,0.0
P02,2,experiment,2,experiment_2,trial_004,alone,alone,1780634623895,1780634630044,6149,5,5,0,0.0,experiment_2/trial_004_events.csv,/Users/yejipark/Downloads/data/P02/day_2,10.514786418400876,4.565,1.0,0.0
P02,2,experiment,2,experiment_2,trial_005,least,least,1780634630045,1780634636527,6482,5,5,0,0.0,experiment_2/trial_005_events.csv,/Users/yejipark/Downloads/data/P02/day_2,9.966777408637874,4.816,1.0,0.0
P02,2,experiment,2,experiment_2,trial_006,learn,learn,1780634636528,1780634641677,5149,5,5,0,0.0,experiment_2/trial_006_events.csv,/Users/yejipark/Downloads/data/P02/day_2,12.674940586216003,3.787,1.0,0.0
P02,2,experiment,2,experiment_2,trial_007,later,later,1780634641677,1780634647044,5367,5,5,0,0.0,experiment_2/trial_007_events.csv,/Users/yejipark/Downloads/data/P02/day_2,12.304537298128686,3.901,1.0,0.0
P02,2,experiment,2,experiment_2,trial_008,snore,snara,1780634647045,1780634653579,6534,5,5,2,0.4,experiment_2/trial_008_events.csv,/Users/yejipark/Downloads/data/P02/day_2,9.929664873810509,4.834,0.6,2.0
P02,2,experiment,2,experiment_2,trial_009,stone,stone,1780634653580,1780634660245,6665,5,5,0,0.0,experiment_2/trial_009_events.csv,/Users/yejipark/Downloads/data/P02/day_2,9.856262833675565,4.87,1.0,0.0
P02,2,experiment,2,experiment_2,trial_010,toast,toast,1780634660246,1780634666678,6432,5,5,0,0.0,experiment_2/trial_010_events.csv,/Users/yejipark/Downloads/data/P02/day_2,10.396361273554255,4.617,1.0,0.0
P02,2,experiment,3,experiment_3,trial_001,snore,snare,1780634668133,1780634673963,5830,5,5,1,0.2,experiment_3/trial_001_events.csv,/Users/yejipark/Downloads/data/P02/day_2,11.66180758017493,4.116,0.8,1.0
P02,2,experiment,3,experiment_3,trial_002,toast,toast,1780634673964,1780634681180,7216,5,5,0,0.0,experiment_3/trial_002_events.csv,/Users/yejipark/Downloads/data/P02/day_2,9.172558761704568,5.233,1.0,0.0
P02,2,experiment,3,experiment_3,trial_003,learn,learn,1780634681181,1780634686806,5625,5,5,0,0.0,experiment_3/trial_003_events.csv,/Users/yejipark/Downloads/data/P02/day_2,11.866501854140916,4.045,1.0,0.0
P02,2,experiment,3,experiment_3,trial_004,slate,slate,1780634686807,1780634692797,5990,5,5,0,0.0,experiment_3/trial_004_events.csv,/Users/yejipark/Downloads/data/P02/day_2,11.031946678924385,4.351,1.0,0.0
P02,2,experiment,3,experiment_3,trial_005,later,later,1780634692798,1780634698431,5633,5,5,0,0.0,experiment_3/trial_005_events.csv,/Users/yejipark/Downloads/data/P02/day_2,11.031946678924385,4.351,1.0,0.0
P02,2,experiment,3,experiment_3,trial_006,alone,alone,1780634698432,1780634703882,5450,5,5,0,0.0,experiment_3/trial_006_events.csv,/Users/yejipark/Downloads/data/P02/day_2,11.99400299850075,4.002,1.0,0.0
P02,2,experiment,3,experiment_3,trial_007,stare,stare,1780634703882,1780634709650,5768,5,5,0,0.0,experiment_3/trial_007_events.csv,/Users/yejipark/Downloads/data/P02/day_2,11.901810066947682,4.033,1.0,0.0
P02,2,experiment,3,experiment_3,trial_008,stone,stone,1780634709650,1780634715433,5783,5,5,0,0.0,experiment_3/trial_008_events.csv,/Users/yejipark/Downloads/data/P02/day_2,11.339475549255848,4.233,1.0,0.0
P02,2,experiment,3,experiment_3,trial_009,alert,alert,1780634715434,1780634721017,5583,5,5,0,0.0,experiment_3/trial_009_events.csv,/Users/yejipark/Downloads/data/P02/day_2,11.38249940716149,4.217,1.0,0.0
P02,2,experiment,3,experiment_3,trial_010,least,least,1780634721018,1780634726818,5800,5,5,0,0.0,experiment_3/trial_010_events.csv,/Users/yejipark/Downloads/data/P02/day_2,11.339475549255848,4.233,1.0,0.0
P02,2,experiment,4,experiment_4,trial_001,stone,stone,1780634728303,1780634735033,6730,5,5,0,0.0,experiment_4/trial_001_events.csv,/Users/yejipark/Downloads/data/P02/day_2,9.471191791633782,5.068,1.0,0.0
P02,2,experiment,4,experiment_4,trial_002,learn,learn,1780634735034,1780634741203,6169,5,5,0,0.0,experiment_4/trial_002_events.csv,/Users/yejipark/Downloads/data/P02/day_2,11.519078473722104,4.167,1.0,0.0
P02,2,experiment,4,experiment_4,trial_003,alert,alert,1780634741204,1780634746302,5098,5,5,0,0.0,experiment_4/trial_003_events.csv,/Users/yejipark/Downloads/data/P02/day_2,13.274336283185841,3.616,1.0,0.0
P02,2,experiment,4,experiment_4,trial_004,least,least,1780634746303,1780634752301,5998,5,5,0,0.0,experiment_4/trial_004_events.csv,/Users/yejipark/Downloads/data/P02/day_2,11.66180758017493,4.116,1.0,0.0
P02,2,experiment,4,experiment_4,trial_005,later,later,1780634752302,1780634758353,6051,5,5,0,0.0,experiment_4/trial_005_events.csv,/Users/yejipark/Downloads/data/P02/day_2,11.07777521347796,4.333,1.0,0.0
P02,2,experiment,4,experiment_4,trial_006,toast,toast,1780634758354,1780634763986,5632,5,5,0,0.0,experiment_4/trial_006_events.csv,/Users/yejipark/Downloads/data/P02/day_2,11.8052139695032,4.066,1.0,0.0
P02,2,experiment,4,experiment_4,trial_007,alone,alone,1780634763987,1780634770303,6316,5,5,0,0.0,experiment_4/trial_007_events.csv,/Users/yejipark/Downloads/data/P02/day_2,10.505581089954038,4.569,1.0,0.0
P02,2,experiment,4,experiment_4,trial_008,slate,slate,1780634770304,1780634776454,6150,5,5,0,0.0,experiment_4/trial_008_events.csv,/Users/yejipark/Downloads/data/P02/day_2,11.342155009451796,4.232,1.0,0.0
P02,2,experiment,4,experiment_4,trial_009,snore,snooe,1780634776455,1780634783221,6766,5,5,1,0.2,experiment_4/trial_009_events.csv,/Users/yejipark/Downloads/data/P02/day_2,9.230769230769232,5.2,0.8,1.0
P02,2,experiment,4,experiment_4,trial_010,stare,stare,1780634783222,1780634789320,6098,5,5,0,0.0,experiment_4/trial_010_events.csv,/Users/yejipark/Downloads/data/P02/day_2,10.621818986501438,4.519,1.0,0.0
P02,2,experiment,5,experiment_5,trial_001,toast,toast,1780634790906,1780634798737,7831,5,5,0,0.0,experiment_5/trial_001_events.csv,/Users/yejipark/Downloads/data/P02/day_2,8.0903421540536,5.933,1.0,0.0
P02,2,experiment,5,experiment_5,trial_002,stone,ssone,1780634798738,1780634806573,7835,5,5,1,0.2,experiment_5/trial_002_events.csv,/Users/yejipark/Downloads/data/P02/day_2,8.022731071368879,5.983,0.8,1.0
P02,2,experiment,5,experiment_5,trial_003,least,least,1780634806575,1780634812189,5614,5,5,0,0.0,experiment_5/trial_003_events.csv,/Users/yejipark/Downloads/data/P02/day_2,11.949215832710978,4.017,1.0,0.0
P02,2,experiment,5,experiment_5,trial_004,slate,slate,1780634812190,1780634818724,6534,5,5,0,0.0,experiment_5/trial_004_events.csv,/Users/yejipark/Downloads/data/P02/day_2,9.842116054951816,4.877,1.0,0.0
P02,2,experiment,5,experiment_5,trial_005,learn,learn,1780634818725,1780634824440,5715,5,5,0,0.0,experiment_5/trial_005_events.csv,/Users/yejipark/Downloads/data/P02/day_2,11.524609843937576,4.165,1.0,0.0
P02,2,experiment,5,experiment_5,trial_006,later,later,1780634824441,1780634831406,6965,5,5,0,0.0,experiment_5/trial_006_events.csv,/Users/yejipark/Downloads/data/P02/day_2,8.80410858400587,5.452,1.0,0.0
P02,2,experiment,5,experiment_5,trial_007,stare,stare,1780634831407,1780634837426,6019,5,5,0,0.0,experiment_5/trial_007_events.csv,/Users/yejipark/Downloads/data/P02/day_2,11.339475549255848,4.233,1.0,0.0
P02,2,experiment,5,experiment_5,trial_008,alone,alone,1780634837427,1780634843657,6230,5,5,0,0.0,experiment_5/trial_008_events.csv,/Users/yejipark/Downloads/data/P02/day_2,10.13727560718057,4.735,1.0,0.0
P02,2,experiment,5,experiment_5,trial_009,snore,snooe,1780634843658,1780634851024,7366,5,5,1,0.2,experiment_5/trial_009_events.csv,/Users/yejipark/Downloads/data/P02/day_2,8.205128205128206,5.85,0.8,1.0
P02,2,experiment,5,experiment_5,trial_010,alert,aleot,1780634851025,1780634857560,6535,5,5,1,0.2,experiment_5/trial_010_events.csv,/Users/yejipark/Downloads/data/P02/day_2,9.198926791874282,5.218,0.8,1.0
